x,type,x_alb,type_alb,x_hir,type_hir
170,alb_car,170,alb_car,550,hir_car
170,alb_car,170,alb_car,430,hir_car
105,alb_car,105,alb_car,490,hir_car
135,alb_car,135,alb_car,550,hir_car
124,alb_car,124,alb_car,550,hir_car
176,alb_h,176,alb_h,525,hir_h
214,alb_h,214,alb_h,530,hir_h
222,alb_h,222,alb_h,735,hir_h
241,alb_h,241,alb_h,734,hir_h
233,alb_h,233,alb_h,898,hir_h
171,alb_h,171,alb_h,754,hir_h
550,hir_car,,,,
430,hir_car,,,,
490,hir_car,,,,
550,hir_car,,,,
550,hir_car,,,,
525,hir_h,,,,
530,hir_h,,,,
735,hir_h,,,,
734,hir_h,,,,
898,hir_h,,,,
754,hir_h,,,,
