year,hir,alb,temp37,temp12,meanMAXtemp,meanMINtemp,rainMAY,rainJUN,predation,newcastle
2010,28,22,1,3,27.4,17.3,0,1.2,yes,no
2011,96,34,0,2,27.1,17,11.9,0.1,no,no
2012,101,96,0,2,28.5,17.7,0,0,no,no
2013,74,65,1,0,28.5,18.1,17.9,0,no,no
2014,54,95,2,3,28.4,17.1,17,0,no,no
2015,227,104,3,1,28,17.6,9,0,no,no
2016,22,44,3,2,29.1,17.9,4,0,yes,yes
2017,39,9,0,1,27.5,16.9,1,0,yes,no
2018,198,67,2,0,29.5,18.9,26.3,0.6,no,no
2019,309,56,2,8,29,17.3,0,0,no,no
2020,241,11,5,7,28,16.5,8.2,0,no,no
