year,hir,alb,temp37,temp12,meanMAXtemp,meanMINtemp,predation,hirTWOyears,albTWOyears,hirMASS,albMASS
2012,101,96,17.7,0,2,28.5,17.7,28,22,129.2,47.4
2013,74,65,18.1,1,0,28.5,18.1,96,34,123.2,46.5
2014,54,95,17.1,2,3,28.4,17.1,101,96,122,45.8
2015,227,104,17.6,3,1,28,17.6,74,65,121.3,47.1
2016,22,44,17.9,3,2,29.1,17.9,54,95,118.8,47.1
2017,39,9,16.9,0,1,27.5,16.9,227,104,117.5,48.5
2018,198,67,18.9,2,0,29.5,18.9,22,44,120.1,46.4
2019,309,56,17.3,2,8,29,17.3,39,9,124.5,46.5
2020,241,11,16.5,5,7,28,16.5,198,67,133,47
