"year","Species","mean_weight","n"
2010,"STEALB",44.4952380952381,63
2011,"STEALB",44.6904761904762,21
2012,"STEALB",44.5857142857143,28
2013,"STEALB",43.9655172413793,29
2014,"STEALB",43.8269230769231,52
2015,"STEALB",44.7368421052632,57
2016,"STEALB",45.9830508474576,59
2017,"STEALB",45,38
2018,"STEALB",44.5,30
2019,"STEALB",45.7352941176471,34
2020,"STEALB",44.3207547169811,53
2021,"STEALB",43.5714285714286,14
2022,"STEALB",43.5135135135135,37
2023,"STEALB",44,12
2024,"STEALB",44,10
2025,"STEALB",45.3625,8
2026,"STEALB",46.85,20
2010,"STEHIR",111.645161290323,62
2011,"STEHIR",115.044628099174,121
2012,"STEHIR",114.367105263158,76
2013,"STEHIR",113.589743589744,39
2014,"STEHIR",117.62,50
2015,"STEHIR",117.414634146341,41
2016,"STEHIR",114.119266055046,109
2017,"STEHIR",113.917525773196,97
2018,"STEHIR",118.518518518519,27
2019,"STEHIR",113.936507936508,63
2020,"STEHIR",114.631578947368,171
2021,"STEHIR",114.072727272727,55
2022,"STEHIR",115.123076923077,65
2023,"STEHIR",116.475,40
2024,"STEHIR",114.526315789474,38
2026,"STEHIR",116.285714285714,63
