"year","chicks_hir_raw","chicks_hir_legacy","chicks_hir_slide","hir_raw_vs_legacy","hir_slide_vs_legacy","hir_raw_vs_slide","chicks_alb_raw","chicks_alb_legacy","chicks_alb_slide","alb_raw_vs_legacy","alb_slide_vs_legacy","alb_raw_vs_slide"
2012,101,101,77,0,-24,24,94,96,89,-2,-7,5
2013,74,74,74,0,0,0,65,65,65,0,0,0
2014,46,54,15,-8,-39,31,95,95,90,0,-5,5
2015,224,227,91,-3,-136,133,104,104,87,0,-17,17
2016,21,22,14,-1,-8,7,44,44,41,0,-3,3
2017,39,39,39,0,0,0,9,9,9,0,0,0
2018,197,198,148,-1,-50,49,67,67,56,0,-11,11
2019,309,309,258,0,-51,51,56,56,49,0,-7,7
2020,241,241,152,0,-89,89,11,11,8,0,-3,3
