"year","Species","mean_weight","sd_weight","n","group"
2010,"STEALB",44.15,3.08092603987144,20,"Juvenile"
2010,"STEHIR",115.770967741935,11.0036719189062,31,"Juvenile"
2011,"STEALB",42.4441176470588,2.47743650213348,34,"Juvenile"
2011,"STEHIR",114.516666666667,11.3793318337438,96,"Juvenile"
2012,"STEALB",43.231914893617,3.33535033919259,94,"Juvenile"
2012,"STEHIR",112.473267326733,9.82346060295565,101,"Juvenile"
2013,"STEALB",41.4285714285714,2.69920623252731,7,"Juvenile"
2013,"STEHIR",115.305084745763,8.96786261639235,59,"Juvenile"
2014,"STEALB",44.2857142857143,3.3523268393901,7,"Juvenile"
2014,"STEHIR",107.086956521739,11.7072173123278,46,"Juvenile"
2015,"STEALB",43.375,5.01248441394086,8,"Juvenile"
2015,"STEHIR",113.846153846154,11.551694445506,117,"Juvenile"
2016,"STEALB",44.25,2.98607881119482,4,"Juvenile"
2016,"STEHIR",115.75,10.5064914998473,12,"Juvenile"
2017,"STEHIR",110.090909090909,5.30008576259942,11,"Juvenile"
2018,"STEALB",44.4285714285714,2.81999662276056,7,"Juvenile"
2018,"STEHIR",114.091666666667,10.91294492549,120,"Juvenile"
2019,"STEHIR",109.84126984127,10.7297065744876,126,"Juvenile"
2020,"STEHIR",110.798742138365,11.4470602462461,159,"Juvenile"
2021,"STEALB",43.6666666666667,2.51661147842358,3,"Juvenile"
2021,"STEHIR",112.4,12.3980845294747,65,"Juvenile"
2022,"STEALB",44,3.09838667696593,6,"Juvenile"
2022,"STEHIR",112.710526315789,12.6941622167816,76,"Juvenile"
2023,"STEHIR",114.674603174603,13.0290932087106,126,"Juvenile"
2024,"STEALB",48,NA,1,"Juvenile"
2024,"STEHIR",110.75,14.260253809441,32,"Juvenile"
2025,"STEALB",41,NA,1,"Juvenile"
2025,"STEHIR",117.2,12.7514705034361,15,"Juvenile"
2026,"STEHIR",110.128205128205,9.75537500204371,39,"Juvenile"
2011,"STEALB",46.7,NA,1,"Adult non-breeder"
2011,"STEALB",45.2333333333333,3.30807093837683,3,"Adult breeder"
2011,"STEHIR",125.7,10.8094996655196,54,"Adult non-breeder"
2011,"STEHIR",126.258333333333,9.98503046231374,12,"Adult breeder"
2012,"STEALB",47.9555555555556,7.00626703585995,9,"Adult non-breeder"
2012,"STEALB",42.8,NA,1,"Adult breeder"
2012,"STEHIR",129.266929133858,11.9940862089199,127,"Adult non-breeder"
2012,"STEHIR",128.95,12.0155437947239,42,"Adult breeder"
2013,"STEALB",46.2857142857143,4.26781978465419,21,"Adult non-breeder"
2013,"STEALB",46.8,2.69979423084221,10,"Adult breeder"
2013,"STEHIR",123.8828125,10.6228257386266,128,"Adult non-breeder"
2013,"STEHIR",117,7.10362854191704,14,"Adult breeder"
2014,"STEALB",45.5555555555556,2.35112266327765,9,"Adult non-breeder"
2014,"STEALB",46.6666666666667,4.16333199893227,3,"Adult breeder"
2014,"STEHIR",122.723684210526,8.94814496114217,76,"Adult non-breeder"
2014,"STEHIR",119.625,6.14189108393795,24,"Adult breeder"
2015,"STEALB",45.5,4.94974746830583,2,"Adult non-breeder"
2015,"STEALB",47.6666666666667,2.94392028877595,6,"Adult breeder"
2015,"STEHIR",121.578947368421,9.50774048797099,133,"Adult non-breeder"
2015,"STEHIR",120.435897435897,11.791600203434,39,"Adult breeder"
2016,"STEALB",47.2702702702703,4.11399136179513,37,"Adult non-breeder"
2016,"STEALB",47,4.80079358519183,43,"Adult breeder"
2016,"STEHIR",119.841666666667,8.68108717326372,120,"Adult non-breeder"
2016,"STEHIR",116.957142857143,8.62997088729319,70,"Adult breeder"
2017,"STEALB",47.95,3.10305452230879,20,"Adult non-breeder"
2017,"STEALB",49.0526315789474,4.32658043327684,19,"Adult breeder"
2017,"STEHIR",117.607843137255,7.16401683798286,51,"Adult non-breeder"
2017,"STEHIR",116.727272727273,7.28135851460301,11,"Adult breeder"
2018,"STEALB",46.7083333333333,2.8728985536024,48,"Adult non-breeder"
2018,"STEALB",45.5333333333333,2.94876891180677,15,"Adult breeder"
2018,"STEHIR",121.672131147541,9.31402800804917,122,"Adult non-breeder"
2018,"STEHIR",114.676470588235,6.99662510953325,34,"Adult breeder"
2019,"STEALB",46.5,5.39444158370447,6,"Adult non-breeder"
2019,"STEALB",46.5,0.707106781186548,2,"Adult breeder"
2019,"STEHIR",125.87610619469,10.9202733673289,113,"Adult non-breeder"
2019,"STEHIR",117.181818181818,9.65912528641705,22,"Adult breeder"
2020,"STEALB",46.5,3.772267222772,7,"Adult non-breeder"
2020,"STEALB",47.6666666666667,2.86053608029451,6,"Adult breeder"
2020,"STEHIR",135.88679245283,12.3423292549204,53,"Adult non-breeder"
2020,"STEHIR",126.260869565217,12.9165763522704,23,"Adult breeder"
2021,"STEALB",46.1428571428571,2.79455252402309,7,"Adult non-breeder"
2021,"STEALB",46.4375,4.4267181221909,16,"Adult breeder"
2021,"STEHIR",118.53164556962,9.61863298289139,158,"Adult non-breeder"
2021,"STEHIR",116.22641509434,9.2208824653483,53,"Adult breeder"
2022,"STEALB",43.9166666666667,2.90196977438232,36,"Adult non-breeder"
2022,"STEALB",44.2745098039216,2.96025966004706,51,"Adult breeder"
2022,"STEHIR",118.994285714286,8.41078750591301,175,"Adult non-breeder"
2022,"STEHIR",112.296296296296,7.54015572040197,54,"Adult breeder"
2023,"STEALB",44.8333333333333,3.60092580688171,6,"Adult non-breeder"
2023,"STEALB",45.8571428571429,3.33809184158512,7,"Adult breeder"
2023,"STEHIR",125.685534591195,10.1682917206481,159,"Adult non-breeder"
2023,"STEHIR",118.462686567164,8.51438774860558,67,"Adult breeder"
2024,"STEALB",49,NA,1,"Adult non-breeder"
2024,"STEHIR",123.926829268293,12.8770925365597,41,"Adult non-breeder"
2024,"STEHIR",120,18.3303027798234,3,"Adult breeder"
2025,"STEALB",45.3333333333333,2.16024689946929,6,"Adult non-breeder"
2025,"STEHIR",119.288888888889,8.36829031692154,45,"Adult non-breeder"
2025,"STEHIR",116.692307692308,10.5939024552225,13,"Adult breeder"
2026,"STEALB",50.375,6.16296542722275,8,"Adult non-breeder"
2026,"STEALB",49.5,3.53553390593274,2,"Adult breeder"
2026,"STEHIR",129.236842105263,10.9924647668333,38,"Adult non-breeder"
2026,"STEHIR",125.222222222222,10.1953148281181,9,"Adult breeder"
