"year","chicks_alb","chicks_hir","pairs_hir","pairs_alb","pairs_method","temp37","temp12","meanMAXtemp","meanMINtemp","rainMAY","rainJUN","predation","newcastle","hirTWOyears","albTWOyears","albMASS","hirMASS"
2010,22,28,NA,NA,NA,1,3,27.4,17.3,0,1.2,"yes","no",NA,NA,NA,NA
2011,34,96,430,170,"Car",0,2,27.1,17,11.9,0.1,"no","no",NA,NA,47.9,125.8
2012,96,101,490,105,"Car",0,2,28.5,17.7,0,0,"no","no",28,22,48,129
2013,65,74,550,135,"Car",1,0,28.5,18.1,17.9,0,"no","no",96,34,46.2,123.4
2014,95,54,525,176,"One camera/tower",2,3,28.4,17.1,17,0,"no","no",101,96,46.4,122.4
2015,104,227,530,214,"One camera/tower",3,1,28,17.6,9,0,"no","no",74,65,46.6,121.5
2016,44,22,735,222,"One camera/tower",3,2,29.1,17.9,4,0,"yes","yes",54,95,47.5,119.3
2017,9,39,734,241,"One camera/tower",0,1,27.5,16.9,1,0,"yes","no",227,104,48.8,117
2018,67,198,898,233,"One camera/tower",2,0,29.5,18.9,26.3,0.6,"no","no",22,44,46.6,121
2019,56,309,754,171,"One camera/tower",2,8,29,17.3,0,0,"no","no",39,9,46.6,124.3
2020,11,242,550,124,"Car",5,7,28,16.5,8.2,0,"no","no",198,67,46.8,135
2021,63,271,550,185,"Car",NA,NA,NA,NA,NA,NA,NA,NA,309,56,45.8,117.5
2022,72,315,NA,NA,NA,NA,NA,NA,NA,NA,NA,NA,NA,242,11,43.9,118
2023,16,209,1149,185,"2 cameras",NA,NA,NA,NA,NA,NA,NA,NA,271,63,45.6,124.7
2024,21,82,1155,156,"2 cameras",NA,NA,NA,NA,NA,NA,NA,NA,315,72,49,122.5
2025,5,179,1297,138,"2 cameras",NA,NA,NA,NA,NA,NA,NA,NA,209,16,45.3,118.5
2026,4,165,1063,67,"2 cameras",NA,NA,NA,NA,NA,NA,NA,NA,82,21,50.4,124.7
