"species_label","group","n","n_years","slope_per_year","se","p_value","r_squared","metric"
"Common Tern","Juvenile",1230,17,-0.1055,0.0749,0.159,0.002,"Raw mass (g)"
"Common Tern","Juvenile",1230,17,-0.001,3e-04,0.000643,0.009,"Mass/Wing ratio"
"Common Tern","Juvenile",1230,17,-0.2855,0.0793,0.000332,0.01,"SMI (g, rescaled)"
"Common Tern","Adult non-breeder",1593,16,-0.1734,0.0643,0.0071,0.005,"Raw mass (g)"
"Common Tern","Adult non-breeder",1593,16,-8e-04,2e-04,0.000249,0.008,"Mass/Wing ratio"
"Common Tern","Adult non-breeder",1593,16,-0.3864,0.0802,1.58e-06,0.014,"SMI (g, rescaled)"
"Common Tern","Adult breeder",485,16,-0.543,0.1139,2.5e-06,0.045,"Raw mass (g)"
"Common Tern","Adult breeder",485,16,-0.002,4e-04,5.26e-07,0.051,"Mass/Wing ratio"
"Common Tern","Adult breeder",485,16,-0.5967,0.1388,2.06e-05,0.037,"SMI (g, rescaled)"
"Little Tern","Juvenile",191,12,0.093,0.0805,0.25,0.007,"Raw mass (g)"
"Little Tern","Juvenile",191,12,-6e-04,7e-04,0.397,0.004,"Mass/Wing ratio"
"Little Tern","Juvenile",191,12,-0.0732,0.1033,0.479,0.003,"SMI (g, rescaled)"
"Little Tern","Adult",406,16,-0.1606,0.0561,0.00442,0.02,"Raw mass (g)"
"Little Tern","Adult",406,16,-0.0011,3e-04,0.000271,0.032,"Mass/Wing ratio"
"Little Tern","Adult",406,16,-0.2759,0.064,2.07e-05,0.044,"SMI (g, rescaled)"
