"year","summer_days_alb","summer_days_hir","chicks_alb","chicks_hir","alb_per_day","hir_per_day"
2010,22,22,22,31,1,1.41
2011,28,36,34,96,1.21,2.67
2012,14,24,94,101,6.71,4.21
2013,22,39,65,74,2.95,1.9
2014,30,38,95,46,3.17,1.21
2015,47,56,104,224,2.21,4
2016,44,59,44,21,1,0.36
2017,41,68,9,39,0.22,0.57
2018,40,77,67,197,1.68,2.56
2019,21,69,56,309,2.67,4.48
2020,22,77,11,241,0.5,3.13
2021,43,83,63,271,1.47,3.27
2022,48,87,72,315,1.5,3.62
2023,81,92,16,209,0.2,2.27
2024,39,81,21,82,0.54,1.01
2025,67,88,5,179,0.07,2.03
2026,14,61,4,165,0.29,2.7
