"year","Species","mean_weight","sd_weight","n"
2011,"STEALB",47.85,1.62634559672906,2
2012,"STEALB",47.9555555555556,7.00626703585995,9
2013,"STEALB",46.2333333333333,3.65478744448536,30
2014,"STEALB",46.4,2.59058123036339,10
2015,"STEALB",46.6,2.88097205817759,5
2016,"STEALB",47.4838709677419,4.66497917161506,62
2017,"STEALB",48.7857142857143,3.46791796708847,28
2018,"STEALB",46.6470588235294,2.84129216668589,51
2019,"STEALB",46.5714285714286,4.92805380304581,7
2020,"STEALB",46.75,3.250384592629,10
2021,"STEALB",45.75,3.04884478867891,12
2022,"STEALB",43.9491525423729,3.13722768464374,59
2023,"STEALB",45.5555555555556,3.39525813124389,9
2024,"STEALB",49,NA,1
2025,"STEALB",45.3333333333333,2.16024689946929,6
2026,"STEALB",50.375,6.16296542722275,8
2011,"STEHIR",125.801515151515,10.5921377579968,66
2012,"STEHIR",129.04156626506,11.9353722296047,166
2013,"STEHIR",123.410071942446,10.5203825284783,139
2014,"STEHIR",122.380434782609,8.64672000482575,92
2015,"STEHIR",121.533742331288,9.72795526748985,163
2016,"STEHIR",119.312138728324,8.70416383541037,173
2017,"STEHIR",117.019230769231,7.10561883332655,52
2018,"STEHIR",121.038461538462,9.44375750188045,130
2019,"STEHIR",124.344262295082,10.9459758950159,122
2020,"STEHIR",134.950819672131,13.193971135217,61
2021,"STEHIR",117.541436464088,8.82639325688061,181
2022,"STEHIR",118.040816326531,8.39220440139592,196
2023,"STEHIR",124.70652173913,10.1852116556049,184
2024,"STEHIR",122.514285714286,13.1246768667706,35
2025,"STEHIR",118.512195121951,8.23748126316386,41
2026,"STEHIR",124.666666666667,8.75302145635349,27
