"species_label","n","n_years","interaction_p","window","metric"
"Common Tern",1283,16,0.0984,"Jun-Jul","Raw mass (g)"
"Common Tern",1283,16,0.115,"Jun-Jul","Mass/Wing ratio"
"Common Tern",1283,16,0.18,"Jun-Jul","SMI (g, rescaled)"
"Little Tern",683,17,0.407,"Jun-Jul","Raw mass (g)"
"Little Tern",683,17,0.73,"Jun-Jul","Mass/Wing ratio"
"Little Tern",683,17,0.892,"Jun-Jul","SMI (g, rescaled)"
"Common Tern",1718,17,0.0187,"Jun-Aug","Raw mass (g)"
"Common Tern",1718,17,0.24,"Jun-Aug","Mass/Wing ratio"
"Common Tern",1718,17,0.888,"Jun-Aug","SMI (g, rescaled)"
"Little Tern",778,17,0.0507,"Jun-Aug","Raw mass (g)"
"Little Tern",778,17,0.256,"Jun-Aug","Mass/Wing ratio"
"Little Tern",778,17,0.781,"Jun-Aug","SMI (g, rescaled)"
