"species_label","n","n_years","slope","se","p_value","r_squared","window","metric"
"Common Tern",1283,16,0.0776,0.0203,0.00014,0.0113,"Jun-Jul","Raw mass (g)"
"Common Tern",1283,16,4e-04,1e-04,2.64e-07,0.0205,"Jun-Jul","Mass/Wing ratio"
"Common Tern",1283,16,0.15,0.0243,9.53e-10,0.0288,"Jun-Jul","SMI (g, rescaled)"
"Little Tern",683,17,-0.0191,0.0129,0.139,0.0032,"Jun-Jul","Raw mass (g)"
"Little Tern",683,17,-1e-04,1e-04,0.237,0.0021,"Jun-Jul","Mass/Wing ratio"
"Little Tern",683,17,-0.0083,0.0163,0.613,4e-04,"Jun-Jul","SMI (g, rescaled)"
"Common Tern",1718,17,0.1403,0.0119,1.11e-30,0.0744,"Jun-Aug","Raw mass (g)"
"Common Tern",1718,17,6e-04,0,5.05e-38,0.0923,"Jun-Aug","Mass/Wing ratio"
"Common Tern",1718,17,0.1797,0.0147,7.03e-33,0.0798,"Jun-Aug","SMI (g, rescaled)"
"Little Tern",778,17,-0.0142,0.0081,0.0793,0.004,"Jun-Aug","Raw mass (g)"
"Little Tern",778,17,-1e-04,0,0.0773,0.004,"Jun-Aug","Mass/Wing ratio"
"Little Tern",778,17,-0.0141,0.01,0.16,0.0025,"Jun-Aug","SMI (g, rescaled)"
