"CR1","RingReplace","Rec","RingPrefix","RingNum","Species","Sex","Age","Wing","Weight","Date","Time","Place","Lat","Lon","Ringer","Country","Remarks","Net","CR2","Subsp","Tail","Head","Breeding","CP1","CP2","CP3","CP4","Colour","D","M","OrigDate","OrigCountry","OrigLat","OrigLon","OrigAge","OldCR1","OldCR2","OldCR3","OldMetal1","OldMetal2","OilHead","OilWings","OilUpperP","OilUnderP","OilLegs","OilSum","year","month","ring_id","is_new","day_of_season"
"NL8V","+",NA,"AB","99018","STEALB",NA,4,169,40.5,2010-07-01,1899-12-31 00:30:00,"Atlit Salt-Pans",32.695,34.932,"Yosef Kiat",NA,NA,NA,"L8V",NA,70,NA,NA,"L","8","V",NA,"N",1,7,NA,NA,NA,NA,NA,"CN",NA,NA,"AB-40158",NA,NA,NA,NA,NA,NA,NA,2010,7,"AB99018",TRUE,30
"WIK5","+",NA,"DD","21169","STEHIR",NA,6,269,115,2010-07-01,1899-12-31 02:00:00,"Atlit Salt-Pans",32.695,34.932,"Yosef Kiat",NA,NA,NA,"IK5",NA,136,NA,NA,"I","K","5",NA,"W",1,7,NA,NA,NA,NA,NA,"IAH",NA,NA,"DD-16930",NA,NA,NA,NA,NA,NA,NA,2010,7,"DD21169",TRUE,30
"W[EM]",NA,NA,"AB","40172","STEALB",NA,4,171,41.3,2010-07-13,1899-12-31 21:15:00,"Atlit Salt-Pans",32.695,34.932,"Yosef Kiat",NA,NA,NA,"[EM]",NA,69,NA,NA,"[","E","M","]","W",13,7,NA,NA,NA,NA,NA,NA,NA,NA,NA,NA,NA,NA,NA,NA,NA,NA,2010,7,"AB40172",TRUE,42
"YGKE","+",NA,"DD","22917","STEHIR",NA,6,260,112,2010-07-13,1899-12-31 23:15:00,"Atlit Salt-Pans",32.695,34.932,"Yosef Kiat",NA,NA,NA,"GKE",NA,156,NA,NA,"G","K","E",NA,"Y",13,7,NA,NA,NA,NA,NA,"IHF",NA,NA,"DD-16951",NA,NA,NA,NA,NA,NA,NA,2010,7,"DD22917",TRUE,42
"GINN","+",NA,"DD","21464","STEHIR",NA,6,259,100,2010-07-14,1899-12-31 00:45:00,"Atlit Salt-Pans",32.695,34.932,"Yosef Kiat",NA,NA,NA,"INN",NA,129,NA,NA,"I","N","N",NA,"G",14,7,NA,NA,NA,NA,NA,"IIV",NA,NA,"DD-16952",NA,NA,NA,NA,NA,NA,NA,2010,7,"DD21464",TRUE,43
"GIMS","+",NA,"DD","22916","STEHIR","M",6,275,116,2010-07-14,1899-12-31 00:45:00,"Atlit Salt-Pans",32.695,34.932,"Yosef Kiat",NA,NA,NA,"IMS",NA,129,NA,NA,"I","M","S",NA,"G",14,7,NA,NA,NA,NA,NA,"IKL",NA,NA,"DD-16955",NA,NA,NA,NA,NA,NA,NA,2010,7,"DD22916",TRUE,43
"GIA0","+",NA,"DD","21204","STEHIR",NA,6,264,114.3,2010-08-03,1899-12-31 22:00:00,"Atlit Salt-Pans",32.695,34.932,"Yosef Kiat",NA,NA,NA,"IA0",NA,130,NA,NA,"I","A","0",NA,"G",3,8,NA,NA,NA,NA,NA,"IDT",NA,NA,"DD-16992",NA,NA,NA,NA,NA,NA,NA,2010,8,"DD21204",TRUE,63
"WAA7","+","R","AB","12761","STEALB",NA,4,NA,44.2,2010-08-16,1899-12-31,"Atlit Salt-Pans",32.695,34.932,"Yosef Kiat",NA,NA,NA,"AA7",NA,NA,NA,NA,"A","A","7",NA,"W",16,8,NA,NA,NA,NA,NA,"BN",NA,NA,NA,NA,NA,NA,NA,NA,NA,NA,2010,8,"AB12761",FALSE,76
"NGRZ","+",NA,"DD","21167","STEHIR","F",6,266,120,2010-08-16,1899-12-31,"Atlit Salt-Pans",32.695,34.932,"Yosef Kiat",NA,NA,NA,"GRZ",NA,NA,NA,NA,"G","R","Z",NA,"N",16,8,NA,NA,NA,NA,NA,"IJC","IK3",NA,"DD-18651",NA,NA,NA,NA,NA,NA,NA,2010,8,"DD21167",TRUE,76
"WI0F","+",NA,"DD","24097","STEHIR","M",6,254,114.8,2010-08-29,1899-12-31 21:00:00,"Atlit Salt-Pans",32.695,34.932,"Yosef Kiat",NA,NA,NA,"I0F",NA,NA,NA,NA,"I","0","F",NA,"W",29,8,NA,NA,NA,NA,NA,NA,NA,NA,"DD-18696",NA,NA,NA,NA,NA,NA,NA,2010,8,"DD24097",TRUE,89
"WIP9",NA,NA,"DD","20120","STEHIR",NA,6,268,117.4,2011-06-06,1899-12-31 20:45:00,"Atlit Salt-Pans",32.695,34.932,"Yosef Kiat",NA,NA,NA,"IP9",NA,150,NA,NA,"I","P","9",NA,"W",6,6,NA,NA,NA,NA,NA,NA,NA,NA,NA,NA,NA,NA,NA,NA,NA,NA,2011,6,"DD20120",TRUE,5
"WIR9",NA,NA,"DD","20130","STEHIR",NA,6,267,116,2011-06-07,1899-12-31,"Atlit Salt-Pans",32.695,34.932,"Yosef Kiat",NA,NA,NA,"IR9",NA,133,NA,NA,"I","R","9",NA,"W",7,6,NA,NA,NA,NA,NA,NA,NA,NA,NA,NA,NA,NA,NA,NA,NA,NA,2011,6,"DD20130",TRUE,6
"WIU9",NA,NA,"DD","20160","STEHIR",NA,6,259,107,2011-07-03,1899-12-31 22:00:00,"Atlit Salt-Pans",32.695,34.932,"Yosef Kiat",NA,NA,NA,"IU9",NA,106,NA,NA,"I","U","9",NA,"W",3,7,NA,NA,NA,NA,NA,NA,NA,NA,NA,NA,NA,NA,NA,NA,NA,NA,2011,7,"DD20160",TRUE,32
"WIZ4",NA,NA,"DD","20188","STEHIR","M",3,246,113.8,2011-07-13,1899-12-31 21:00:00,"Atlit Salt-Pans",32.695,34.932,"Yosef Kiat",NA,NA,NA,"IZ4",NA,115,NA,NA,"I","Z","4",NA,"W",13,7,NA,NA,NA,NA,NA,NA,NA,NA,NA,NA,NA,NA,NA,NA,NA,NA,2011,7,"DD20188",TRUE,42
"YG9P","+",NA,"DD","20190","STEHIR",NA,3,258,113.5,2011-07-13,1899-12-31 21:00:00,"Atlit Salt-Pans",32.695,34.932,"Yosef Kiat",NA,NA,NA,"G9P",NA,111,NA,NA,"G","9","P",NA,"Y",13,7,NA,NA,NA,NA,NA,"IZ6",NA,NA,NA,NA,NA,NA,NA,NA,NA,NA,2011,7,"DD20190",TRUE,42
"NG12","+",NA,"DD","20204","STEHIR",NA,6,258,119.2,2011-07-13,1899-12-31 22:30:00,"Atlit Salt-Pans",32.695,34.932,"Yosef Kiat",NA,NA,NA,"G12",NA,115,NA,NA,"G","1","2",NA,"N",13,7,NA,NA,NA,NA,NA,"I5K",NA,NA,NA,NA,NA,NA,NA,NA,NA,NA,2011,7,"DD20204",TRUE,42
"WAB0",NA,NA,"B","41513","STEALB",NA,3,166,45.2,2011-07-13,1899-12-31 22:30:00,"Atlit Salt-Pans",32.695,34.932,"Yosef Kiat",NA,NA,NA,"AB0",NA,58,NA,NA,"A","B","0",NA,"W",13,7,NA,NA,NA,NA,NA,NA,NA,NA,NA,NA,NA,NA,NA,NA,NA,NA,2011,7,"B41513",TRUE,42
"GGK2","+",NA,"DD","20212","STEHIR",NA,6,265,102.3,2011-07-13,1899-12-31 23:30:00,"Atlit Salt-Pans",32.695,34.932,"Yosef Kiat",NA,NA,NA,"GK2",NA,135,NA,NA,"G","K","2",NA,"G",13,7,NA,NA,NA,NA,NA,"I5T",NA,NA,NA,NA,NA,NA,NA,NA,NA,NA,2011,7,"DD20212",TRUE,42
"WAC9",NA,NA,"B","41522","STEALB",NA,3,139,42,2011-07-14,1899-12-31 02:30:00,"Atlit Salt-Pans",32.695,34.932,"Yosef Kiat",NA,NA,NA,"AC9",NA,48,NA,NA,"A","C","9",NA,"W",14,7,NA,NA,NA,NA,NA,NA,NA,NA,NA,NA,NA,NA,NA,NA,NA,NA,2011,7,"B41522",TRUE,43
"NI73","+",NA,"DD","20235","STEHIR",NA,3,255,100.7,2011-07-20,1899-12-31 22:00:00,"Atlit Salt-Pans",32.695,34.932,"Yosef Kiat",NA,NA,NA,"I73",NA,114,NA,NA,"I","7","3",NA,"N",20,7,NA,NA,NA,NA,NA,"I6T",NA,NA,NA,NA,NA,NA,NA,NA,NA,NA,2011,7,"DD20235",TRUE,49
"WI7F",NA,NA,"DD","20246","STEHIR","F",6,266,110.5,2011-07-21,1899-12-31,"Atlit Salt-Pans",32.695,34.932,"Yosef Kiat",NA,NA,NA,"I7F",NA,134,NA,NA,"I","7","F",NA,"W",21,7,NA,NA,NA,NA,NA,NA,NA,NA,NA,NA,NA,NA,NA,NA,NA,NA,2011,7,"DD20246",TRUE,50
"YGRS","+",NA,"DD","20255","STEHIR",NA,6,270,121.5,2011-07-26,1899-12-31 20:30:00,"Atlit Salt-Pans",32.695,34.932,"Yosef Kiat",NA,NA,NA,"GRS",NA,136,NA,NA,"G","R","S",NA,"Y",26,7,NA,NA,NA,NA,NA,"I7P",NA,NA,NA,NA,NA,NA,NA,NA,NA,NA,2011,7,"DD20255",TRUE,55
"WAD0",NA,NA,"B","41533","STEALB",NA,4,173,42.2,2011-07-26,1899-12-31 22:30:00,"Atlit Salt-Pans",32.695,34.932,"Yosef Kiat",NA,NA,NA,"AD0",NA,60,NA,NA,"A","D","0",NA,"W",26,7,NA,NA,NA,NA,NA,NA,NA,NA,NA,NA,NA,NA,NA,NA,NA,NA,2011,7,"B41533",TRUE,55
"WAE7",NA,NA,"B","41540","STEALB","F",3,168,37.8,2011-07-27,1899-12-31 02:00:00,"Atlit Salt-Pans",32.695,34.932,"Yosef Kiat",NA,NA,NA,"AE7",NA,59,NA,NA,"A","E","7",NA,"W",27,7,NA,NA,NA,NA,NA,NA,NA,NA,NA,NA,NA,NA,NA,NA,NA,NA,2011,7,"B41540",TRUE,56
"WIPV",NA,NA,"DD","20333","STEHIR",NA,6,265,126.4,2011-08-10,1899-12-31 21:30:00,"Atlit Salt-Pans",32.695,34.932,"Yosef Kiat",NA,NA,NA,"IPV",NA,111,NA,NA,"I","P","V",NA,"W",10,8,NA,NA,NA,NA,NA,NA,NA,NA,NA,NA,NA,NA,NA,NA,NA,NA,2011,8,"DD20333",TRUE,70
"WAE0",NA,NA,"B","41547","STEALB",NA,3,127,40.7,2011-08-10,1899-12-31 22:45:00,"Atlit Salt-Pans",32.695,34.932,"Yosef Kiat",NA,NA,NA,"AE0",NA,45,NA,NA,"A","E","0",NA,"W",10,8,NA,NA,NA,NA,NA,NA,NA,NA,NA,NA,NA,NA,NA,NA,NA,NA,2011,8,"B41547",TRUE,70
"WAF7",NA,NA,"B","41554","STEALB",NA,3,171,41.9,2011-08-11,1899-12-31,"Atlit Salt-Pans",32.695,34.932,"Yosef Kiat",NA,NA,NA,"AF7",NA,57,NA,NA,"A","F","7",NA,"W",11,8,NA,NA,NA,NA,NA,NA,NA,NA,NA,NA,NA,NA,NA,NA,NA,NA,2011,8,"B41554",TRUE,71
"WAG5",NA,NA,"B","41564","STEALB","F",3,164,43.1,2011-08-15,1899-12-31 23:00:00,"Atlit Salt-Pans",32.695,34.932,"Yosef Kiat",NA,NA,NA,"AG5",NA,51,NA,NA,"A","G","5",NA,"W",15,8,NA,NA,NA,NA,NA,NA,NA,NA,NA,NA,NA,NA,NA,NA,NA,NA,2011,8,"B41564",TRUE,75
"WIXG",NA,NA,"DD","20396","STEHIR",NA,6,271,127.9,2011-08-23,1899-12-31 01:30:00,"Atlit Salt-Pans",32.695,34.932,"Yosef Kiat",NA,NA,NA,"IXG",NA,117,NA,NA,"I","X","G",NA,"W",23,8,NA,NA,NA,NA,NA,NA,NA,NA,NA,NA,NA,NA,NA,NA,NA,NA,2011,8,"DD20396",TRUE,83
"WIPV",NA,"R","DD","20333","STEHIR",NA,8,275,104.2,2012-06-24,1899-12-31 20:30:00,"Atlit Salt-Pans",32.695,34.932,"Yosef Kiat",NA,NA,NA,"IPV",NA,NA,NA,NA,"I","P","V",NA,"W",24,6,NA,NA,NA,NA,NA,NA,NA,NA,NA,NA,NA,NA,NA,NA,NA,NA,2012,6,"DD20333",FALSE,23
"RIJ4","+",NA,"DD","20646","STEHIR",NA,6,280,123.2,2012-06-24,1899-12-31 20:30:00,"Atlit Salt-Pans",32.695,34.932,"Yosef Kiat",NA,NA,NA,"IJ4",NA,141,NA,NA,"I","J","4",NA,"R",24,6,NA,NA,NA,NA,NA,"I4Z",NA,NA,NA,NA,NA,NA,NA,NA,NA,NA,2012,6,"DD20646",TRUE,23
"NL0A","+",NA,"B","41694","STEALB",NA,3,137,32.8,2012-07-01,1899-12-31 20:30:00,"Atlit Salt-Pans",32.695,34.932,"Yosef Kiat",NA,NA,NA,"L0A",NA,48,NA,NA,"L","0","A",NA,"N",1,7,NA,NA,NA,NA,NA,"AK8",NA,NA,NA,NA,NA,NA,NA,NA,NA,NA,2012,7,"B41694",TRUE,30
"WAN3",NA,NA,"B","41720","STEALB","M",4,168,47.2,2012-07-02,1899-12-31,"Atlit Salt-Pans",32.695,34.932,"Yosef Kiat",NA,NA,NA,"AN3",NA,54,NA,NA,"A","N","3",NA,"W",2,7,NA,NA,NA,NA,NA,NA,NA,NA,NA,NA,NA,NA,NA,NA,NA,NA,2012,7,"B41720",TRUE,31
"WAN9",NA,NA,"B","41726","STEALB",NA,3,139,39.9,2012-07-02,1899-12-31 00:30:00,"Atlit Salt-Pans",32.695,34.932,"Yosef Kiat",NA,NA,NA,"AN9",NA,50,NA,NA,"A","N","9",NA,"W",2,7,NA,NA,NA,NA,NA,NA,NA,NA,NA,NA,NA,NA,NA,NA,NA,NA,2012,7,"B41726",TRUE,31
"WA09",NA,NA,"B","41736","STEALB","F",3,173,41.9,2012-07-11,1899-12-31 22:30:00,"Atlit Salt-Pans",32.695,34.932,"Yosef Kiat",NA,NA,NA,"A09",NA,58,NA,NA,"A","0","9",NA,"W",11,7,NA,NA,NA,NA,NA,NA,NA,NA,NA,NA,NA,NA,NA,NA,NA,NA,2012,7,"B41736",TRUE,40
"GI8T",NA,"R","DD","20099","STEHIR",NA,8,256,119.6,2012-07-18,1899-12-31 21:30:00,"Atlit Salt-Pans",32.695,34.932,"Yosef Kiat",NA,NA,NA,"I8T",NA,131,NA,NA,"I","8","T",NA,"G",18,7,NA,NA,NA,NA,NA,NA,NA,NA,NA,NA,NA,NA,NA,NA,NA,NA,2012,7,"DD20099",FALSE,47
"NI08","+",NA,"DD","20741","STEHIR","M",3,256,113.7,2012-07-18,1899-12-31 21:30:00,"Atlit Salt-Pans",32.695,34.932,"Yosef Kiat",NA,NA,NA,"I08",NA,112,NA,NA,"I","0","8",NA,"N",18,7,NA,NA,NA,NA,NA,"I8Z",NA,NA,NA,NA,NA,NA,NA,NA,NA,NA,2012,7,"DD20741",TRUE,47
"GI9H",NA,NA,"DD","20749","STEHIR","F",3,267,103.5,2012-07-19,1899-12-31 01:00:00,"Atlit Salt-Pans",32.695,34.932,"Yosef Kiat",NA,NA,NA,"I9H",NA,117,NA,NA,"I","9","H",NA,"G",19,7,NA,NA,NA,NA,NA,NA,NA,NA,NA,NA,NA,NA,NA,NA,NA,NA,2012,7,"DD20749",TRUE,48
"WAN9",NA,"R","B","41726","STEALB",NA,3,169,41.5,2012-07-19,1899-12-31 02:00:00,"Atlit Salt-Pans",32.695,34.932,"Yosef Kiat",NA,NA,NA,"AN9",NA,57,NA,NA,"A","N","9",NA,"W",19,7,NA,NA,NA,NA,NA,NA,NA,NA,NA,NA,NA,NA,NA,NA,NA,NA,2012,7,"B41726",FALSE,48
"WN77","+",NA,"B","41779","STEALB",NA,3,170,47.4,2012-07-22,1899-12-31 21:00:00,"Atlit Salt-Pans",32.695,34.932,"Yosef Kiat",NA,NA,NA,"N77",NA,60,NA,NA,"N","7","7",NA,"W",22,7,NA,NA,NA,NA,NA,"AZ2",NA,NA,NA,NA,NA,NA,NA,NA,NA,NA,2012,7,"B41779",TRUE,51
"GI45",NA,NA,"DD","20810","STEHIR",NA,3,246,116.5,2012-08-01,1899-12-31 01:00:00,"Atlit Salt-Pans",32.695,34.932,"Yosef Kiat",NA,NA,NA,"I45",NA,116,NA,NA,"I","4","5",NA,"G",1,8,NA,NA,NA,NA,NA,NA,NA,NA,NA,NA,NA,NA,NA,NA,NA,NA,2012,8,"DD20810",TRUE,61
"GGK2","+","R","DD","20212","STEHIR",NA,10,268,95,2013-06-30,1899-12-31 21:00:00,"Atlit Salt-Pans",32.695,34.932,"Yosef Kiat",NA,NA,NA,"GK2",NA,143,NA,NA,"G","K","2",NA,"G",30,6,NA,NA,NA,NA,NA,"I5T",NA,NA,NA,NA,NA,NA,NA,NA,NA,NA,2013,6,"DD20212",FALSE,29
"GGTM","+",NA,"DD","20971","STEHIR",NA,6,276,102,2013-06-30,1899-12-31 21:30:00,"Atlit Salt-Pans",32.695,34.932,"Yosef Kiat",NA,NA,NA,"GTM",NA,136,NA,NA,"G","T","M",NA,"G",30,6,NA,NA,NA,NA,NA,"IVE",NA,NA,NA,NA,NA,NA,NA,NA,NA,NA,2013,6,"DD20971",TRUE,29
"WIVR",NA,NA,"DD","20981","STEHIR",NA,6,288,102,2013-06-30,1899-12-31 22:30:00,"Atlit Salt-Pans",32.695,34.932,"Yosef Kiat",NA,NA,NA,"IVR",NA,125,NA,NA,"I","V","R",NA,"W",30,6,NA,NA,NA,NA,NA,NA,NA,NA,NA,NA,NA,NA,NA,NA,NA,NA,2013,6,"DD20981",TRUE,29
"NL01","+",NA,"B","41882","STEALB","F",3,158,40,2013-06-30,1899-12-31 22:30:00,"Atlit Salt-Pans",32.695,34.932,"Yosef Kiat",NA,NA,NA,"L01",NA,64,NA,NA,"L","0","1",NA,"N",30,6,NA,NA,NA,NA,NA,"BG5",NA,NA,NA,NA,NA,NA,NA,NA,NA,NA,2013,6,"B41882",TRUE,29
"WBG7",NA,NA,"B","41884","STEALB",NA,4,163,44,2013-06-30,1899-12-31 23:30:00,"Atlit Salt-Pans",32.695,34.932,"Yosef Kiat",NA,NA,NA,"BG7",NA,59,NA,NA,"B","G","7",NA,"W",30,6,NA,NA,NA,NA,NA,NA,NA,NA,NA,NA,NA,NA,NA,NA,NA,NA,2013,6,"B41884",TRUE,29
"WT+F","+",NA,"DD","20982","STEHIR",NA,6,267,112,2013-06-30,1899-12-31 23:30:00,"Atlit Salt-Pans",32.695,34.932,"Yosef Kiat",NA,NA,NA,"T+F",NA,147,NA,NA,"T","+","F",NA,"W",30,6,NA,NA,NA,NA,NA,"IVS",NA,NA,NA,NA,NA,NA,NA,NA,NA,NA,2013,6,"DD20982",TRUE,29
"WIWH",NA,NA,"DD","20997","STEHIR",NA,6,268,101,2013-07-10,1899-12-31 21:00:00,"Atlit Salt-Pans",32.695,34.932,"Yosef Kiat",NA,NA,NA,"IWH",NA,133,NA,NA,"I","W","H",NA,"W",10,7,NA,NA,NA,NA,NA,NA,NA,NA,NA,NA,NA,NA,NA,NA,NA,NA,2013,7,"DD20997",TRUE,39
"NG40","+",NA,"DD","20998","STEHIR","M",6,258,114,2013-07-10,1899-12-31 21:00:00,"Atlit Salt-Pans",32.695,34.932,"Yosef Kiat",NA,NA,NA,"G40",NA,112,NA,NA,"G","4","0",NA,"N",10,7,NA,NA,NA,NA,NA,"IWJ",NA,NA,NA,NA,NA,NA,NA,NA,NA,NA,2013,7,"DD20998",TRUE,39
"WN77","+","R","B","41779","STEALB",NA,5,177,40,2013-07-10,1899-12-31 23:00:00,"Atlit Salt-Pans",32.695,34.932,"Yosef Kiat",NA,NA,NA,"N77",NA,57,NA,NA,"N","7","7",NA,"W",10,7,NA,NA,NA,NA,NA,"AZ2",NA,NA,NA,NA,NA,NA,NA,NA,NA,NA,2013,7,"B41779",FALSE,39
"WBI8","+",NA,"B","41905","STEALB",NA,4,169,45,2013-07-10,1899-12-31 23:00:00,"Atlit Salt-Pans",32.695,34.932,"Yosef Kiat",NA,NA,NA,"E7C",NA,55,NA,NA,"E","7","C",NA,"W",10,7,NA,NA,NA,NA,NA,"BI8",NA,NA,NA,NA,NA,NA,NA,NA,NA,NA,2013,7,"B41905",TRUE,39
"NIEX","+",NA,"DD","21025","STEHIR","F",6,268,115,2013-07-11,1899-12-31,"Atlit Salt-Pans",32.695,34.932,"Yosef Kiat",NA,NA,NA,"IEX",NA,145,NA,NA,"I","E","X",NA,"N",11,7,NA,NA,NA,NA,NA,"IYN",NA,NA,NA,NA,NA,NA,NA,NA,NA,NA,2013,7,"DD21025",TRUE,40
"GI3S",NA,"R","DD","20618","STEHIR","F",8,NA,115,2013-07-18,1899-12-31,"Atlit Salt-Pans",32.695,34.932,"Yosef Kiat",NA,NA,NA,"I3S",NA,NA,NA,NA,"I","3","S",NA,"G",18,7,NA,NA,NA,NA,NA,NA,NA,NA,NA,NA,NA,NA,NA,NA,NA,NA,2013,7,"DD20618",FALSE,47
"RGEN","+",NA,"DD","21249","STEHIR",NA,6,268,117,2014-06-29,1899-12-31 20:45:00,"Atlit Salt-Pans",32.695,34.932,"Yosef Kiat",NA,NA,NA,"GEN",NA,140,NA,NA,"G","E","N",NA,"R",29,6,NA,NA,NA,NA,NA,"IN2",NA,NA,NA,NA,NA,NA,NA,NA,NA,NA,2014,6,"DD21249",TRUE,28
"WBZ4",NA,NA,"AB","70620","STEALB",NA,4,172,46,2014-06-29,1899-12-31 21:15:00,"Atlit Salt-Pans",32.695,34.932,"Yosef Kiat",NA,NA,NA,"BZ4",NA,66,NA,NA,"B","Z","4",NA,"W",29,6,NA,NA,NA,NA,NA,NA,NA,NA,NA,NA,NA,NA,NA,NA,NA,NA,2014,6,"AB70620",TRUE,28
"WN61","+",NA,"AB","70621","STEALB",NA,4,175,44,2014-06-29,1899-12-31 21:15:00,"Atlit Salt-Pans",32.695,34.932,"Yosef Kiat",NA,NA,NA,"N61",NA,NA,NA,NA,"N","6","1",NA,"W",29,6,NA,NA,NA,NA,NA,"BZ5",NA,NA,NA,NA,NA,NA,NA,NA,NA,NA,2014,6,"AB70621",TRUE,28
"WBZ9",NA,NA,"AB","70625","STEALB","F",4,175,47,2014-06-29,1899-12-31 21:15:00,"Atlit Salt-Pans",32.695,34.932,"Yosef Kiat",NA,NA,NA,"BZ9",NA,NA,NA,NA,"B","Z","9",NA,"W",29,6,NA,NA,NA,NA,NA,NA,NA,NA,NA,NA,NA,NA,NA,NA,NA,NA,2014,6,"AB70625",TRUE,28
"WCL3",NA,NA,"AB","70629","STEALB","F",4,169,40,2014-06-29,1899-12-31 22:00:00,"Atlit Salt-Pans",32.695,34.932,"Yosef Kiat",NA,NA,NA,"CL3",NA,66,NA,NA,"C","L","3",NA,"W",29,6,NA,NA,NA,NA,NA,NA,NA,NA,NA,NA,NA,NA,NA,NA,NA,NA,2014,6,"AB70629",TRUE,28
"GGSM","+",NA,"DD","21294","STEHIR",NA,6,282,118,2014-07-09,1899-12-31 21:00:00,"Atlit Salt-Pans",32.695,34.932,"Yosef Kiat",NA,NA,NA,"GSM",NA,148,NA,NA,"G","S","M",NA,"G",9,7,NA,NA,NA,NA,NA,"IH6",NA,NA,NA,NA,NA,NA,NA,NA,NA,NA,2014,7,"DD21294",TRUE,38
"WCE3",NA,NA,"AB","70729","STEALB","M",4,177,40,2014-07-10,1899-12-31 00:30:00,"Atlit Salt-Pans",32.695,34.932,"Yosef Kiat",NA,"Sexing by blood testing",NA,"CE3",NA,74,NA,NA,"C","E","3",NA,"W",10,7,NA,NA,NA,NA,NA,NA,NA,NA,NA,NA,NA,NA,NA,NA,NA,NA,2014,7,"AB70729",TRUE,39
"WCE5",NA,NA,"AB","70731","STEALB","F",4,163,42,2014-07-10,1899-12-31 04:00:00,"Atlit Salt-Pans",32.695,34.932,"Yosef Kiat",NA,"Sexing by blood testing",NA,"CE5",NA,NA,NA,NA,"C","E","5",NA,"W",10,7,NA,NA,NA,NA,NA,NA,NA,NA,NA,NA,NA,NA,NA,NA,NA,NA,2014,7,"AB70731",TRUE,39
"WCG5",NA,NA,"AB","70740","STEALB","F",4,177,48,2014-07-21,1899-12-31 20:30:00,"Atlit Salt-Pans",32.695,34.932,"Yosef Kiat",NA,"Sexing by blood testing",NA,"CG5",NA,NA,NA,NA,"C","G","5",NA,"W",21,7,NA,NA,NA,NA,NA,NA,NA,NA,NA,NA,NA,NA,NA,NA,NA,NA,2014,7,"AB70740",TRUE,50
"WCL3",NA,"R","AB","70729","STEALB","M",4,NA,41,2014-07-21,1899-12-31 21:30:00,"Atlit Salt-Pans",32.695,34.932,"Yosef Kiat",NA,"Sexing by blood testing",NA,"CL3",NA,NA,NA,NA,"C","L","3",NA,"W",21,7,NA,NA,NA,NA,NA,NA,NA,NA,NA,NA,NA,NA,NA,NA,NA,NA,2014,7,"AB70729",FALSE,50
"WA09",NA,"R","B","41736","STEALB","F",7,176,45,2014-07-22,1899-12-31 00:30:00,"Atlit Salt-Pans",32.695,34.932,"Yosef Kiat",NA,"Sexing by blood testing",NA,"A09",NA,NA,NA,NA,"A","0","9",NA,"W",22,7,NA,NA,NA,NA,NA,NA,NA,NA,NA,NA,NA,NA,NA,NA,NA,NA,2014,7,"B41736",FALSE,51
"WCH4",NA,NA,"AB","70749","STEALB","M",3,171,49,2014-07-28,1899-12-31 21:30:00,"Atlit Salt-Pans",32.695,34.932,"Yosef Kiat",NA,"Sexing by blood testing",NA,"CH4",NA,57,NA,NA,"C","H","4",NA,"W",28,7,NA,NA,NA,NA,NA,NA,NA,NA,NA,NA,NA,NA,NA,NA,NA,NA,2014,7,"AB70749",TRUE,57
"NRH",NA,NA,"AB","70782","STEALB","F",4,175,43,2015-06-25,1899-12-31 20:30:00,"Atlit Salt-Pans",32.695,34.932,"Yosef Kiat",NA,"Sexing by blood testing",NA,"RH",NA,68,NA,NA,"R","H",NA,NA,"N",25,6,NA,NA,NA,NA,NA,NA,NA,NA,NA,NA,NA,NA,NA,NA,NA,NA,2015,6,"AB70782",TRUE,24
"NLP",NA,NA,"AB","70795","STEALB","F",4,172,47,2015-06-25,1899-12-31 22:00:00,"Atlit Salt-Pans",32.695,34.932,"Yosef Kiat",NA,"Sexing by blood testing",NA,"LP",NA,68,NA,NA,"L","P",NA,NA,"N",25,6,NA,NA,NA,NA,NA,NA,NA,NA,NA,NA,NA,NA,NA,NA,NA,NA,2015,6,"AB70795",TRUE,24
"NLT",NA,NA,"AB","70797","STEALB","M",4,171,45,2015-06-25,1899-12-31 22:00:00,"Atlit Salt-Pans",32.695,34.932,"Yosef Kiat",NA,"Sexing by blood testing",NA,"LT",NA,NA,NA,NA,"L","T",NA,NA,"N",25,6,NA,NA,NA,NA,NA,NA,NA,NA,NA,NA,NA,NA,NA,NA,NA,NA,2015,6,"AB70797",TRUE,24
"NR3",NA,NA,"AB","70824","STEALB","M",4,167,45,2015-06-25,1899-12-31 23:00:00,"Atlit Salt-Pans",32.695,34.932,"Yosef Kiat",NA,"Sexing by blood testing",NA,"R3",NA,NA,NA,NA,"R","3",NA,NA,"N",25,6,NA,NA,NA,NA,NA,NA,NA,NA,NA,NA,NA,NA,NA,NA,NA,NA,2015,6,"AB70824",TRUE,24
"NIEX","+","R","DD","21025","STEHIR","F",10,274,115,2015-06-29,1899-12-31 20:30:00,"Atlit Salt-Pans",32.695,34.932,"Yosef Kiat",NA,"Sexing by blood testing",NA,"IEX",NA,155,NA,NA,"I","E","X",NA,"N",29,6,NA,NA,NA,NA,NA,"IYN",NA,NA,NA,NA,NA,NA,NA,NA,NA,NA,2015,6,"DD21025",FALSE,28
"YR6",NA,NA,"AB","70894","STEALB","F",4,175,43,2015-06-30,1899-12-31 02:00:00,"Atlit Salt-Pans",32.695,34.932,"Yosef Kiat",NA,"Sexing by blood testing",NA,"R6",NA,NA,NA,NA,"R","6",NA,NA,"Y",30,6,NA,NA,NA,NA,NA,NA,NA,NA,NA,NA,NA,NA,NA,NA,NA,NA,2015,6,"AB70894",TRUE,29
"WI40",NA,"R","DD","20471","STEHIR","M",12,268,107,2015-06-30,1899-12-31 04:00:00,"Atlit Salt-Pans",32.695,34.932,"Yosef Kiat",NA,"Sexing by blood testing",NA,"I40",NA,128,NA,NA,"I","4","0",NA,"W",30,6,NA,NA,NA,NA,NA,NA,NA,NA,NA,NA,NA,NA,NA,NA,NA,NA,2015,6,"DD20471",FALSE,29
"YL3",NA,NA,"AB","70899","STEALB","M",4,180,43,2015-06-30,1899-12-31 04:00:00,"Atlit Salt-Pans",32.695,34.932,"Yosef Kiat",NA,"Sexing by blood testing",NA,"L3",NA,NA,NA,NA,"L","3",NA,NA,"Y",30,6,NA,NA,NA,NA,NA,NA,NA,NA,NA,NA,NA,NA,NA,NA,NA,NA,2015,6,"AB70899",TRUE,29
"WIRP",NA,"R","DD","20957","STEHIR",NA,10,268,104,2015-07-05,1899-12-31 03:00:00,"Atlit Salt-Pans",32.695,34.932,"Yosef Kiat",NA,NA,NA,"IRP",NA,NA,NA,NA,"I","R","P",NA,"W",5,7,NA,NA,NA,NA,NA,NA,NA,NA,NA,NA,NA,NA,NA,NA,NA,NA,2015,7,"DD20957",FALSE,34
"NITZ",NA,NA,"DD","23348","STEHIR",NA,6,273,118,2015-07-13,1899-12-31 22:00:00,"Atlit Salt-Pans",32.695,34.932,"Yosef Kiat",NA,NA,NA,"ITZ",NA,NA,NA,NA,"I","T","Z",NA,"N",13,7,NA,NA,NA,NA,NA,NA,NA,NA,NA,NA,NA,NA,NA,NA,NA,NA,2015,7,"DD23348",TRUE,42
"NIVB",NA,NA,"DD","23350","STEHIR",NA,3,263,113,2015-07-13,1899-12-31 22:00:00,"Atlit Salt-Pans",32.695,34.932,"Yosef Kiat",NA,NA,NA,"IVB",NA,NA,NA,NA,"I","V","B",NA,"N",13,7,NA,NA,NA,NA,NA,NA,NA,NA,NA,NA,NA,NA,NA,NA,NA,NA,2015,7,"DD23350",TRUE,42
"GGSM","+","R","DD","21294","STEHIR",NA,8,288,124,2015-07-13,1899-12-31 23:30:00,"Atlit Salt-Pans",32.695,34.932,"Yosef Kiat",NA,NA,NA,"GSM",NA,NA,NA,NA,"G","S","M",NA,"G",13,7,NA,NA,NA,NA,NA,"IH6",NA,NA,NA,NA,NA,NA,NA,NA,NA,NA,2015,7,"DD21294",FALSE,42
"NIVS",NA,NA,"DD","23359","STEHIR","F",6,263,116,2015-07-13,1899-12-31 23:30:00,"Atlit Salt-Pans",32.695,34.932,"Yosef Kiat",NA,NA,NA,"IVS",NA,NA,NA,NA,"I","V","S",NA,"N",13,7,NA,NA,NA,NA,NA,NA,NA,NA,NA,NA,NA,NA,NA,NA,NA,NA,2015,7,"DD23359",TRUE,42
"WE63",NA,NA,"AB","70952","STEALB","M",3,159,40,2015-07-27,1899-12-31 21:30:00,"Atlit Salt-Pans",32.695,34.932,"Yosef Kiat",NA,"Sexing by blood testing",NA,"E63",NA,NA,NA,NA,"E","6","3",NA,"W",27,7,NA,NA,NA,NA,NA,NA,NA,NA,NA,NA,NA,NA,NA,NA,NA,NA,2015,7,"AB70952",TRUE,56
"WE59",NA,"R","AB","70947","STEALB",NA,3,165,46,2015-07-27,1899-12-31 23:30:00,"Atlit Salt-Pans",32.695,34.932,"Yosef Kiat",NA,NA,NA,"E59",NA,NA,NA,NA,"E","5","9",NA,"W",27,7,NA,NA,NA,NA,NA,NA,NA,NA,NA,NA,NA,NA,NA,NA,NA,NA,2015,7,"AB70947",FALSE,56
"RRV",NA,NA,"AB","70955","STEALB","M",4,171,48,2015-07-27,1899-12-31 23:30:00,"Atlit Salt-Pans",32.695,34.932,"Yosef Kiat",NA,"Sexing by blood testing",NA,"RV",NA,NA,NA,NA,"R","V",NA,NA,"R",27,7,NA,NA,NA,NA,NA,NA,NA,NA,NA,NA,NA,NA,NA,NA,NA,NA,2015,7,"AB70955",TRUE,56
"NIL9",NA,NA,"DD","23493","STEHIR","F",3,262,123,2015-08-05,1899-12-31 20:45:00,"Atlit Salt-Pans",32.695,34.932,"Yosef Kiat",NA,NA,NA,"IL9",NA,NA,NA,NA,"I","L","9",NA,"N",5,8,NA,NA,NA,NA,NA,NA,NA,NA,NA,NA,NA,NA,NA,NA,NA,NA,2015,8,"DD23493",TRUE,65
"NIP4",NA,NA,"DD","23518","STEHIR","F",3,207,97,2015-08-06,1899-12-31,"Atlit Salt-Pans",32.695,34.932,"Yosef Kiat",NA,NA,NA,"IP4",NA,NA,NA,NA,"I","P","4",NA,"N",6,8,NA,NA,NA,NA,NA,NA,NA,NA,NA,NA,NA,NA,NA,NA,NA,NA,2015,8,"DD23518",TRUE,66
"NIR9",NA,NA,"DD","23535","STEHIR","M",3,252,126,2015-08-11,1899-12-31 20:45:00,"Atlit Salt-Pans",32.695,34.932,"Yosef Kiat",NA,NA,NA,"IR9",NA,NA,NA,NA,"I","R","9",NA,"N",11,8,NA,NA,NA,NA,NA,NA,NA,NA,NA,NA,NA,NA,NA,NA,NA,NA,2015,8,"DD23535",TRUE,71
"YI88",NA,NA,"DD","24202","STEHIR",NA,6,266,108,2016-06-20,1899-12-31 21:00:00,"Atlit Salt-Pans",32.695,34.932,"Yosef Kiat",NA,NA,NA,"I88",NA,149,NA,NA,"I","8","8",NA,"Y",20,6,NA,NA,NA,NA,NA,NA,NA,NA,NA,NA,NA,NA,NA,NA,NA,NA,2016,6,"DD24202",TRUE,19
"YI89",NA,NA,"DD","24203","STEHIR",NA,6,264,106,2016-06-20,1899-12-31 21:00:00,"Atlit Salt-Pans",32.695,34.932,"Yosef Kiat",NA,NA,NA,"I89",NA,138,NA,NA,"I","8","9",NA,"Y",20,6,NA,NA,NA,NA,NA,NA,NA,NA,NA,NA,NA,NA,NA,NA,NA,NA,2016,6,"DD24203",TRUE,19
"WIN5",NA,"R","DD","21189","STEHIR",NA,10,278,121,2016-06-20,1899-12-31 21:00:00,"Atlit Salt-Pans",32.695,34.932,"Yosef Kiat",NA,NA,NA,"IN5",NA,135,NA,NA,"I","N","5",NA,"W",20,6,NA,NA,NA,NA,NA,NA,NA,NA,NA,NA,NA,NA,NA,NA,NA,NA,2016,6,"DD21189",FALSE,19
"NL1V",NA,"R","AB","70328","STEALB",NA,4,NA,47,2016-06-20,1899-12-31 23:30:00,"Atlit Salt-Pans",32.695,34.932,"Yosef Kiat",NA,NA,NA,"L1V",NA,NA,NA,NA,"L","1","V",NA,"N",20,6,NA,NA,NA,NA,NA,NA,NA,NA,NA,NA,NA,NA,NA,NA,NA,NA,2016,6,"AB70328",FALSE,19
"YIB0",NA,NA,"DD","24225","STEHIR",NA,6,282,124,2016-06-20,1899-12-31 23:30:00,"Atlit Salt-Pans",32.695,34.932,"Yosef Kiat",NA,NA,NA,"IB0",NA,157,NA,NA,"I","B","0",NA,"Y",20,6,NA,NA,NA,NA,NA,NA,NA,NA,NA,NA,NA,NA,NA,NA,NA,NA,2016,6,"DD24225",TRUE,19
"YIB3",NA,NA,"DD","24228","STEHIR",NA,6,265,117,2016-06-20,1899-12-31 23:30:00,"Atlit Salt-Pans",32.695,34.932,"Yosef Kiat",NA,NA,NA,"IB3",NA,134,NA,NA,"I","B","3",NA,"Y",20,6,NA,NA,NA,NA,NA,NA,NA,NA,NA,NA,NA,NA,NA,NA,NA,NA,2016,6,"DD24228",TRUE,19
"WAE7",NA,"R","B","41540","STEALB","F",13,173,42,2016-07-04,1899-12-31 01:30:00,"Atlit Salt-Pans",32.695,34.932,"Yosef Kiat",NA,"Bill(d)=6.1",NA,"AE7",NA,NA,TRUE,NA,"A","E","7",NA,"W",4,7,NA,NA,NA,NA,NA,NA,NA,NA,NA,NA,NA,NA,NA,NA,NA,NA,2016,7,"B41540",FALSE,33
"WCE3",NA,"R","AB","70729","STEALB","M",8,173,42,2016-07-21,1899-12-31 21:30:00,"Atlit Salt-Pans",32.695,34.932,"Yosef Kiat",NA,NA,NA,"CE3",NA,NA,NA,NA,"C","E","3",NA,"W",21,7,NA,NA,NA,NA,NA,NA,NA,NA,NA,NA,NA,NA,NA,NA,NA,NA,2016,7,"AB70729",FALSE,50
"YIV3",NA,NA,"DD","24389","STEHIR",NA,6,258,105,2016-07-21,1899-12-31 22:30:00,"Atlit Salt-Pans",32.695,34.932,"Yosef Kiat",NA,NA,NA,"IV3",NA,NA,NA,NA,"I","V","3",NA,"Y",21,7,NA,NA,NA,NA,NA,NA,NA,NA,NA,NA,NA,NA,NA,NA,NA,NA,2016,7,"DD24389",TRUE,50
"NL6B",NA,"R","AB","70456","STEALB",NA,3,163,42,2016-08-10,1899-12-31 20:30:00,"Atlit Salt-Pans",32.695,34.932,"Yosef Kiat",NA,NA,NA,"L6B",NA,NA,NA,NA,"L","6","B",NA,"N",10,8,NA,NA,NA,NA,NA,NA,NA,NA,NA,NA,NA,NA,NA,NA,NA,NA,2016,8,"AB70456",FALSE,70
"WH1B","+",NA,"AB","99043","STEALB",NA,4,164,45,2017-06-27,NA,"Atlit Salt-Pans",32.695,34.932,"Yosef Kiat",NA,NA,NA,"H1B",NA,74,NA,NA,"H","1","B",NA,"N",27,6,NA,NA,NA,NA,NA,"L9V",NA,NA,NA,NA,NA,NA,NA,NA,NA,NA,2017,6,"AB99043",TRUE,26
"NL9Z",NA,NA,"AB","99045","STEALB",NA,4,167,44,2017-06-27,NA,"Atlit Salt-Pans",32.695,34.932,"Yosef Kiat",NA,NA,NA,"L9Z",NA,NA,NA,NA,"L","9","Z",NA,"N",27,6,NA,NA,NA,NA,NA,NA,NA,NA,NA,NA,NA,NA,NA,NA,NA,NA,2017,6,"AB99045",TRUE,26
"NL95",NA,NA,"AB","99051","STEALB",NA,4,172,43,2017-06-27,NA,"Atlit Salt-Pans",32.695,34.932,"Yosef Kiat",NA,NA,NA,"L95",NA,NA,NA,NA,"L","9","5",NA,"N",27,6,NA,NA,NA,NA,NA,NA,NA,NA,NA,NA,NA,NA,NA,NA,NA,NA,2017,6,"AB99051",TRUE,26
"NL0A",NA,"R","B","41694","STEALB",NA,13,166,46,2017-07-05,1899-12-31 21:45:00,"Atlit Salt-Pans",32.695,34.932,"Yosef Kiat",NA,NA,NA,"L0A",NA,NA,NA,NA,"L","0","A",NA,"N",5,7,NA,NA,NA,NA,NA,NA,NA,NA,NA,NA,NA,NA,NA,NA,NA,NA,2017,7,"B41694",FALSE,34
"WBL6",NA,"R","B","41922","STEALB",NA,11,176,45,2017-07-05,1899-12-31 21:45:00,"Atlit Salt-Pans",32.695,34.932,"Yosef Kiat",NA,NA,NA,"BL6",NA,NA,NA,NA,"B","L","6",NA,"W",5,7,NA,NA,NA,NA,NA,NA,NA,NA,NA,NA,NA,NA,NA,NA,NA,NA,2017,7,"B41922",FALSE,34
"NIP4",NA,"R","DD","23518","STEHIR","F",7,265,106,2017-07-05,1899-12-31 23:30:00,"Atlit Salt-Pans",32.695,34.932,"Yosef Kiat",NA,NA,NA,"IP4",NA,NA,NA,NA,"I","P","4",NA,"N",5,7,NA,NA,NA,NA,NA,NA,NA,NA,NA,NA,NA,NA,NA,NA,NA,NA,2017,7,"DD23518",FALSE,34
"RIXM",NA,NA,"DD","25341","STEHIR",NA,6,266,114,2017-07-06,1899-12-31 01:30:00,"Atlit Salt-Pans",32.695,34.932,"Yosef Kiat",NA,NA,NA,"IXM",NA,NA,NA,NA,"I","X","M",NA,"R",6,7,NA,NA,NA,NA,NA,NA,NA,NA,NA,NA,NA,NA,NA,NA,NA,NA,2017,7,"DD25341",TRUE,35
"RIJP",NA,NA,"DD","25369","STEHIR",NA,3,216,107,2017-07-13,1899-12-31 22:00:00,"Atlit Salt-Pans",32.695,34.932,"Yosef Kiat",NA,NA,NA,"IJP",NA,NA,NA,NA,"I","J","P",NA,"R",13,7,NA,NA,NA,NA,NA,NA,NA,NA,NA,NA,NA,NA,NA,NA,NA,NA,2017,7,"DD25369",TRUE,42
"RI65",NA,"R","DD","25161","STEHIR",NA,8,275,98,2018-06-24,1899-12-31 20:00:00,"Atlit Salt-Pans",32.695,34.932,"Yosef Kiat",NA,NA,NA,"I65",NA,NA,NA,NA,"I","6","5",NA,"R",24,6,NA,NA,NA,NA,NA,NA,NA,NA,NA,NA,NA,NA,NA,NA,NA,NA,2018,6,"DD25161",FALSE,23
"RI72",NA,"R","DD","25168","STEHIR",NA,8,273,111,2018-06-24,1899-12-31 20:00:00,"Atlit Salt-Pans",32.695,34.932,"Yosef Kiat",NA,NA,NA,"I72",NA,NA,NA,NA,"I","7","2",NA,"R",24,6,NA,NA,NA,NA,NA,NA,NA,NA,NA,NA,NA,NA,NA,NA,NA,NA,2018,6,"DD25168",FALSE,23
"WE63",NA,"R","AB","70952","STEALB","M",9,168,39,2018-06-25,1899-12-31 00:30:00,"Atlit Salt-Pans",32.695,34.932,"Yosef Kiat",NA,NA,NA,"E63",NA,NA,NA,NA,"E","6","3",NA,"W",25,6,NA,NA,NA,NA,NA,NA,NA,NA,NA,NA,NA,NA,NA,NA,NA,NA,2018,6,"AB70952",FALSE,24
"NL8J",NA,"R","AB","99011","STEALB",NA,6,181,43,2018-07-03,1899-12-31 23:00:00,"Atlit Salt-Pans",32.695,34.932,"Yosef Kiat",NA,NA,NA,"L8J",NA,NA,NA,NA,"L","8","J",NA,"N",3,7,NA,NA,NA,NA,NA,NA,NA,NA,NA,NA,NA,NA,NA,NA,NA,NA,2018,7,"AB99011",FALSE,32
"NL39",NA,"R","AB","70401","STEALB",NA,7,176,42,2018-07-03,1899-12-31 23:00:00,"Atlit Salt-Pans",32.695,34.932,"Yosef Kiat",NA,NA,NA,"L39",NA,NA,NA,NA,"L","3","9",NA,"N",3,7,NA,NA,NA,NA,NA,NA,NA,NA,NA,NA,NA,NA,NA,NA,NA,NA,2018,7,"AB70401",FALSE,32
"WH1B","+","R","AB","99043","STEALB",NA,6,177,40,2018-07-03,1899-12-31 23:00:00,"Atlit Salt-Pans",32.695,34.932,"Yosef Kiat",NA,NA,NA,"H1B",NA,NA,NA,NA,"H","1","B",NA,"N",3,7,NA,NA,NA,NA,NA,"L9V",NA,NA,NA,NA,NA,NA,NA,NA,NA,NA,2018,7,"AB99043",FALSE,32
"WA09",NA,"R","B","41736","STEALB","F",15,173,44,2018-07-10,1899-12-31 20:30:00,"Atlit Salt-Pans",32.695,34.932,"Yosef Kiat",NA,NA,NA,"A09",NA,NA,NA,NA,"A","0","9",NA,"W",10,7,NA,NA,NA,NA,NA,NA,NA,NA,NA,NA,NA,NA,NA,NA,NA,NA,2018,7,"B41736",FALSE,39
"WE30",NA,"R","AB","70878","STEALB",NA,9,NA,40,2018-07-30,1899-12-31 23:00:00,"Atlit Salt-Pans",32.695,34.932,"Yosef Kiat",NA,NA,NA,"E30",NA,NA,NA,NA,"E","3","0",NA,"W",30,7,NA,NA,NA,NA,NA,NA,NA,NA,NA,NA,NA,NA,NA,NA,NA,NA,2018,7,"AB70878",FALSE,59
"NXIX",NA,NA,"AB","99282","STEALB",NA,4,164,44,2018-07-30,1899-12-31 23:00:00,"Atlit Salt-Pans",32.695,34.932,"Yosef Kiat",NA,NA,NA,"XIX",NA,NA,NA,NA,"X","I","X",NA,"N",30,7,NA,NA,NA,NA,NA,NA,NA,NA,NA,NA,NA,NA,NA,NA,NA,NA,2018,7,"AB99282",TRUE,59
"WH30",NA,NA,"AB","99336","STEALB",NA,4,172,47,2019-07-02,1899-12-31 20:30:00,"Atlit Salt-Pans",32.695,34.932,"Yosef Kiat",NA,NA,NA,"H30",NA,68,NA,NA,"H","3","0",NA,"W",2,7,NA,NA,NA,NA,NA,NA,NA,NA,NA,NA,NA,NA,NA,NA,NA,NA,2019,7,"AB99336",TRUE,31
"WH55",NA,NA,"AB","99361","STEALB",NA,4,170,45,2019-07-02,1899-12-31 22:00:00,"Atlit Salt-Pans",32.695,34.932,"Yosef Kiat",NA,NA,NA,"H55",NA,NA,NA,NA,"H","5","5",NA,"W",2,7,NA,NA,NA,NA,NA,NA,NA,NA,NA,NA,NA,NA,NA,NA,NA,NA,2019,7,"AB99361",TRUE,31
"NPIA",NA,"R","AB","99211","STEALB",NA,5,169,46,2019-07-02,1899-12-31 22:00:00,"Atlit Salt-Pans",32.695,34.932,"Yosef Kiat",NA,NA,NA,"PIA",NA,NA,NA,NA,"P","I","A",NA,"N",2,7,NA,NA,NA,NA,NA,NA,NA,NA,NA,NA,NA,NA,NA,NA,NA,NA,2019,7,"AB99211",FALSE,31
"WH63",NA,NA,"AB","99369","STEALB",NA,4,171,50,2019-07-02,1899-12-31 22:00:00,"Atlit Salt-Pans",32.695,34.932,"Yosef Kiat",NA,NA,NA,"H63",NA,NA,NA,NA,"H","6","3",NA,"W",2,7,NA,NA,NA,NA,NA,NA,NA,NA,NA,NA,NA,NA,NA,NA,NA,NA,2019,7,"AB99369",TRUE,31
"YGF9",NA,NA,"DD","29698","STEHIR","M",6,265,115,2019-07-08,1899-12-31 21:30:00,"Atlit Salt-Pans",32.695,34.932,"Yosef Kiat",NA,NA,NA,"GF9",NA,NA,NA,NA,"G","F","9",NA,"Y",8,7,NA,NA,NA,NA,NA,NA,NA,NA,NA,NA,NA,NA,NA,NA,NA,NA,2019,7,"DD29698",TRUE,37
"WGUZ",NA,"R","DD","29643","STEHIR",NA,3,240,107,2019-07-08,1899-12-31 21:30:00,"Atlit Salt-Pans",32.695,34.932,"Yosef Kiat",NA,NA,NA,"GUZ",NA,NA,NA,NA,"G","U","Z",NA,"W",8,7,NA,NA,NA,NA,NA,NA,NA,NA,NA,NA,NA,NA,NA,NA,NA,NA,2019,7,"DD29643",FALSE,37
"YGR0",NA,NA,"DD","29778","STEHIR",NA,3,250,108,2019-07-15,1899-12-31 23:00:00,"Atlit Salt-Pans",32.695,34.932,"Yosef Kiat",NA,NA,NA,"GR0",NA,NA,NA,NA,"G","R","0",NA,"Y",15,7,NA,NA,NA,NA,NA,NA,NA,NA,NA,NA,NA,NA,NA,NA,NA,NA,2019,7,"DD29778",TRUE,44
"WJ14",NA,NA,"AB","99420","STEALB",NA,4,177,44,2019-07-21,1899-12-31 23:30:00,"Atlit Salt-Pans",32.695,34.932,"Yosef Kiat",NA,NA,NA,"J14",NA,NA,NA,NA,"J","1","4",NA,"W",21,7,NA,NA,NA,NA,NA,NA,NA,NA,NA,NA,NA,NA,NA,NA,NA,NA,2019,7,"AB99420",TRUE,50
"YG7E",NA,NA,"DD","30143","STEHIR","M",3,245,117,2019-08-08,1899-12-31 23:30:00,"Atlit Salt-Pans",32.695,34.932,"Yosef Kiat",NA,NA,NA,"G7E",NA,NA,NA,NA,"G","7","E",NA,"Y",8,8,NA,NA,NA,NA,NA,NA,NA,NA,NA,NA,NA,NA,NA,NA,NA,NA,2019,8,"DD30143",TRUE,68
"RG84",NA,NA,"DD","30739","STEHIR",NA,6,263,119,2020-06-25,1899-12-31 20:30:00,"Atlit Salt-Pans",32.695,34.932,"Yosef Kiat",NA,NA,NA,"G84",NA,NA,NA,NA,"G","8","4",NA,"R",25,6,NA,NA,NA,NA,NA,NA,NA,NA,NA,NA,NA,NA,NA,NA,NA,NA,2020,6,"DD30739",TRUE,24
"WJ70",NA,NA,"AB","99481","STEALB",NA,4,173,40,2020-06-25,1899-12-31 21:00:00,"Atlit Salt-Pans",32.695,34.932,"Yosef Kiat",NA,NA,NA,"J70",NA,NA,NA,NA,"J","7","0",NA,"W",25,6,NA,NA,NA,NA,NA,NA,NA,NA,NA,NA,NA,NA,NA,NA,NA,NA,2020,6,"AB99481",TRUE,24
"NI03",NA,"R","DD","23712","STEHIR","F",14,283,117,2020-06-25,1899-12-31 23:30:00,"Atlit Salt-Pans",32.695,34.932,"Yosef Kiat",NA,"Leg's vesicle sample (photo)",NA,"I03",NA,NA,NA,NA,"I","0","3",NA,"N",25,6,NA,NA,NA,NA,NA,NA,NA,NA,NA,NA,NA,NA,NA,NA,NA,NA,2020,6,"DD23712",FALSE,24
"YG5P",NA,"R","DD","30233","STEHIR","F",6,273,117,2020-06-25,1899-12-31 23:30:00,"Atlit Salt-Pans",32.695,34.932,"Yosef Kiat",NA,NA,NA,"G5P",NA,NA,NA,NA,"G","5","P",NA,"Y",25,6,NA,NA,NA,NA,NA,NA,NA,NA,NA,NA,NA,NA,NA,NA,NA,NA,2020,6,"DD30233",FALSE,24
"RG1N",NA,NA,"DD","30788","STEHIR",NA,6,268,103,2020-06-25,1899-12-31 23:30:00,"Atlit Salt-Pans",32.695,34.932,"Yosef Kiat",NA,NA,NA,"G1N",NA,NA,NA,NA,"G","1","N",NA,"R",25,6,NA,NA,NA,NA,NA,NA,NA,NA,NA,NA,NA,NA,NA,NA,NA,NA,2020,6,"DD30788",TRUE,24
"RG1P",NA,NA,"DD","30789","STEHIR",NA,6,263,120,2020-06-25,1899-12-31 23:30:00,"Atlit Salt-Pans",32.695,34.932,"Yosef Kiat",NA,NA,NA,"G1P",NA,NA,NA,NA,"G","1","P",NA,"R",25,6,NA,NA,NA,NA,NA,NA,NA,NA,NA,NA,NA,NA,NA,NA,NA,NA,2020,6,"DD30789",TRUE,24
"WJ64",NA,"R","AB","99474","STEALB",NA,4,176,42,2020-06-26,1899-12-31 01:00:00,"Atlit Salt-Pans",32.695,34.932,"Yosef Kiat",NA,NA,NA,"J64",NA,NA,NA,NA,"J","6","4",NA,"W",26,6,NA,NA,NA,NA,NA,NA,NA,NA,NA,NA,NA,NA,NA,NA,NA,NA,2020,6,"AB99474",FALSE,25
"NIH0",NA,"R","DD","23454","STEHIR",NA,13,274,117,2020-06-30,1899-12-31 20:30:00,"Atlit Salt-Pans",32.695,34.932,"Yosef Kiat",NA,NA,NA,"IH0",NA,NA,NA,NA,"I","H","0",NA,"N",30,6,NA,NA,NA,NA,NA,NA,NA,NA,NA,NA,NA,NA,NA,NA,NA,NA,2020,6,"DD23454",FALSE,29
"WJ79",NA,NA,"AB","99490","STEALB",NA,4,179,46,2020-06-30,1899-12-31 20:30:00,"Atlit Salt-Pans",32.695,34.932,"Yosef Kiat",NA,NA,NA,"J79",NA,NA,NA,NA,"J","7","9",NA,"W",30,6,NA,NA,NA,NA,NA,NA,NA,NA,NA,NA,NA,NA,NA,NA,NA,NA,2020,6,"AB99490",TRUE,29
"RG7S",NA,NA,"DD","30922","STEHIR",NA,6,269,97,2020-07-01,1899-12-31 01:00:00,"Atlit Salt-Pans",32.695,34.932,"Yosef Kiat",NA,NA,NA,"G7S",NA,NA,NA,NA,"G","7","S",NA,"R",1,7,NA,NA,NA,NA,NA,NA,NA,NA,NA,NA,NA,NA,NA,NA,NA,NA,2020,7,"DD30922",TRUE,30
"WGVV",NA,"R","DD","29557","STEHIR",NA,8,263,102,2020-07-06,1899-12-31 21:30:00,"Atlit Salt-Pans",32.695,34.932,"Yosef Kiat",NA,NA,NA,"GVV",NA,NA,NA,NA,"G","V","V",NA,"W",6,7,NA,NA,NA,NA,NA,NA,NA,NA,NA,NA,NA,NA,NA,NA,NA,NA,2020,7,"DD29557",FALSE,35
"WK11",NA,NA,"AB","99521","STEALB",NA,4,167,40,2020-07-06,1899-12-31 22:15:00,"Atlit Salt-Pans",32.695,34.932,"Yosef Kiat",NA,NA,NA,"K11",NA,NA,NA,NA,"K","1","1",NA,"W",6,7,NA,NA,NA,NA,NA,NA,NA,NA,NA,NA,NA,NA,NA,NA,NA,NA,2020,7,"AB99521",TRUE,35
"RGHJ",NA,NA,"DD","32021","STEHIR",NA,6,269,103,2020-07-21,1899-12-31 21:30:00,"Atlit Salt-Pans",32.695,34.932,"Yosef Kiat",NA,NA,NA,"GHJ",NA,NA,NA,NA,"G","H","J",NA,"R",21,7,NA,NA,NA,NA,NA,NA,NA,NA,NA,NA,NA,NA,NA,NA,NA,NA,2020,7,"DD32021",TRUE,50
"WK27",NA,NA,"AB","99537","STEALB",NA,4,172,44,2020-07-21,1899-12-31 23:00:00,"Atlit Salt-Pans",32.695,34.932,"Yosef Kiat",NA,NA,NA,"K27",NA,NA,NA,NA,"K","2","7",NA,"W",21,7,NA,NA,NA,NA,NA,NA,NA,NA,NA,NA,NA,NA,NA,NA,NA,NA,2020,7,"AB99537",TRUE,50
"GGTU",NA,NA,"DX","10748","STEHIR",NA,6,254,104,2021-06-27,1899-12-31 21:00:00,"Atlit Salt-Pans",32.695,34.932,"Yosef Kiat",NA,NA,NA,"GTU",NA,NA,NA,NA,"G","T","U",NA,"G",27,6,NA,NA,NA,NA,NA,NA,NA,NA,NA,NA,NA,NA,NA,NA,NA,NA,2021,6,"DX10748",TRUE,26
"GG5G",NA,"R","DD","20115","STEHIR",NA,26,277,109,2021-07-20,1899-12-31 23:30:00,"Atlit Salt-Pans",32.695,34.932,"Yosef Kiat",NA,NA,NA,"G5G",NA,NA,NA,NA,"G","5","G",NA,"G",20,7,NA,NA,NA,NA,NA,NA,NA,NA,NA,NA,NA,NA,NA,NA,NA,NA,2021,7,"DD20115",FALSE,49
"WE5J",NA,"R","AB","99803","STEALB",NA,4,172,46,2022-06-23,1899-12-31 20:45:00,"Atlit Salt-Pans",32.695,34.932,"Yosef Kiat",NA,NA,NA,"E5J",NA,NA,NA,NA,"E","5","J",NA,"W",23,6,NA,NA,NA,NA,NA,NA,NA,NA,NA,NA,NA,NA,NA,NA,NA,NA,2022,6,"AB99803",FALSE,22
"WN96",NA,"R","AB","99744","STEALB","F",4,169,44,2022-06-30,1899-12-31 20:15:00,"Atlit Salt-Pans",32.695,34.932,"Yosef Kiat",NA,NA,NA,"N96",NA,NA,NA,NA,"N","9","6",NA,"W",30,6,NA,NA,NA,NA,NA,NA,NA,NA,NA,NA,NA,NA,NA,NA,NA,NA,2022,6,"AB99744",FALSE,29
"NL2E",NA,"R","AB","70346","STEALB","M",16,174,49,2022-06-30,1899-12-31 20:15:00,"Atlit Salt-Pans",32.695,34.932,"Yosef Kiat",NA,NA,NA,"L2E",NA,NA,NA,NA,"L","2","E",NA,"N",30,6,NA,NA,NA,NA,NA,NA,NA,NA,NA,NA,NA,NA,NA,NA,NA,NA,2022,6,"AB70346",FALSE,29
"NXIX",NA,"R","AB","99282","STEALB",NA,12,165,50,2022-06-30,1899-12-31 20:15:00,"Atlit Salt-Pans",32.695,34.932,"Yosef Kiat",NA,NA,NA,"XIX",NA,NA,NA,NA,"X","I","X",NA,"N",30,6,NA,NA,NA,NA,NA,NA,NA,NA,NA,NA,NA,NA,NA,NA,NA,NA,2022,6,"AB99282",FALSE,29
"WE7N",NA,NA,"AB","99835","STEALB",NA,4,170,43,2022-07-01,1899-12-31 01:30:00,"Atlit Salt-Pans",32.695,34.932,"Yosef Kiat",NA,NA,NA,"E7N",NA,NA,NA,NA,"E","7","N",NA,"W",1,7,NA,NA,NA,NA,NA,NA,NA,NA,NA,NA,NA,NA,NA,NA,NA,NA,2022,7,"AB99835",TRUE,30
"WK73",NA,"R","AB","99618","STEALB",NA,6,178,47,2022-07-18,1899-12-31 23:30:00,"Atlit Salt-Pans",32.695,34.932,"Yosef Kiat",NA,NA,NA,"K73",NA,NA,NA,NA,"K","7","3",NA,"W",18,7,NA,NA,NA,NA,NA,NA,NA,NA,NA,NA,NA,NA,NA,NA,NA,NA,2022,7,"AB99618",FALSE,47
"NG7B",NA,"R","DD","28091","STEHIR",NA,11,261,113,2022-08-10,1899-12-31 01:30:00,"Atlit Salt-Pans",32.695,34.932,"Yosef Kiat",NA,NA,NA,"G7B",NA,NA,NA,NA,"G","7","B",NA,"N",10,8,NA,NA,NA,NA,NA,NA,NA,NA,NA,NA,NA,NA,NA,NA,NA,NA,2022,8,"DD28091",FALSE,70
"W+23",NA,NA,"DD","33891","STEHIR",NA,6,257,128,2023-07-30,1899-12-31 21:15:00,"Atlit Salt-Pans",32.695,34.932,"Yosef Kiat",NA,NA,NA,"+23",NA,NA,NA,NA,"+","2","3",NA,"W",21,6,NA,NA,NA,NA,NA,NA,NA,NA,NA,NA,NA,NA,NA,NA,NA,NA,2023,7,"DD33891",TRUE,59
"W+C4",NA,NA,"DD","33993","STEHIR",NA,6,262,133,2023-08-07,1899-12-31 23:30:00,"Atlit Salt-Pans",32.695,34.932,"Yosef Kiat",NA,NA,NA,"+C4",NA,NA,NA,NA,"+","C","4",NA,"W",7,8,NA,NA,NA,NA,NA,NA,NA,NA,NA,NA,NA,NA,NA,NA,NA,NA,2023,8,"DD33993",TRUE,67
"GIA3",NA,"R","DD","21207","STEHIR",NA,24,273,126,2023-08-23,1899-12-31 21:00:00,"Atlit Salt-Pans",32.695,34.932,"Yosef Kiat",NA,NA,NA,"IA3",NA,NA,NA,NA,"I","A","3",NA,"G",23,8,NA,NA,NA,NA,NA,NA,NA,NA,NA,NA,NA,NA,NA,NA,NA,NA,2023,8,"DD21207",FALSE,83
"WAKJ",NA,"R","AB","99343","STEALB",NA,15,176,47,2025-08-14,1899-12-31 20:00:00,"Atlit Salt-Pans",32.695,34.932,"Yosef Kiat",NA,NA,NA,"AKJ",NA,NA,NA,NA,"A","K","J",NA,"W",14,8,NA,NA,NA,NA,NA,NA,NA,NA,NA,NA,NA,NA,NA,NA,NA,NA,2025,8,"AB99343",FALSE,74
